id,name,gender,country_of_birth
1,Christopher Bryning,Male,United Kingdom
2,Coleman Lampett,Male,Morocco
3,Faber Mersh,Male,Netherlands
4,Hughie Clowley,Male,Netherlands
5,Amory Challen,Male,Germany
6,Claudian Dumbrall,Male,Morocco
7,Marsha Herrema,Female,Morocco
8,Tanny Billows,Male,Germany
9,Marika Sprason,Female,Morocco
10,Claude Ludvigsen,Female,Germany
11,Sydel Elman,Female,Germany
12,Edy Ranger,Female,Morocco
13,Reagan Pendlenton,Male,United Kingdom
14,Berty Malt,Male,Germany
15,Ellwood Harrild,Male,Germany
16,Yoshiko Hankin,Female,Germany
17,Biddie Maskell,Female,Netherlands
18,Wyatt Oxlade,Male,Germany
19,Olivia Challenger,Female,United Kingdom
20,Alfredo Caddock,Male,Morocco
21,Inesita Aronin,Female,United Kingdom
22,Bat Cordeau,Male,Netherlands
23,Ernst Madner,Male,Morocco
24,Karylin Cattini,Female,United Kingdom
25,Bendicty Arens,Male,Morocco
26,Powell Caughey,Male,Netherlands
27,Virgie Cushion,Male,Morocco
28,Lacy Garron,Female,Morocco
29,Sylvan Silbermann,Male,Germany
30,Petrina Woollam,Female,Netherlands
31,Manfred Seymark,Male,Morocco
32,Nealson Davall,Male,Luxembourg
33,Fraser Straw,Male,Morocco
34,Gilberta Pyett,Female,Netherlands
35,Deane Drage,Female,Morocco
36,Osmond Hoonahan,Male,Morocco
37,Granger Dagon,Male,Netherlands
38,Dianemarie Cottham,Female,United Kingdom
39,Monah Girdwood,Female,Luxembourg
40,Rafferty Bleazard,Male,Netherlands
41,Any Harmour,Male,Netherlands
42,Bathsheba Johanning,Female,Germany
43,Cacilia Jannequin,Female,Germany
44,Zaccaria Artois,Male,Netherlands
45,Aron Prugel,Male,Germany
46,Tripp Stolberg,Male,Luxembourg
47,Jordanna Whittenbury,Female,Germany
48,Ewen Wetherald,Male,United Kingdom
49,Kennedy Curtis,Male,Germany
50,Jodee Gelling,Female,United Kingdom
51,Heath Simmen,Female,Netherlands
52,Francyne Vreede,Female,United Kingdom
53,Harv Glendinning,Male,Netherlands
54,Jedd Scotson,Male,Germany
55,Nicolai Murch,Male,Morocco
56,Perkin Buckoke,Male,Netherlands
57,Thaine Rodden,Male,Netherlands
58,Wandie Sigg,Female,Germany
59,Martita Stopforth,Female,Morocco
60,Della Carter,Female,Luxembourg
61,Zedekiah Berridge,Male,Germany
62,Hayes McInnes,Male,Morocco
63,Darn Raselles,Male,Morocco
64,Saba Mingard,Female,Luxembourg
65,Ramonda De Gowe,Female,Morocco
66,Sharon Cleeton,Female,Germany
67,Saunderson Salvin,Male,Morocco
68,Goldy Marre,Female,Netherlands
69,Mil De Witt,Female,United Kingdom
70,Kalie Busswell,Female,Germany
71,Laurice Pavey,Female,Morocco
72,Gigi Unger,Female,Morocco
73,Richardo Itzchaki,Male,Germany
74,Morris Gwyneth,Male,Netherlands
75,Brigg Eagleston,Male,United Kingdom
76,Claudetta Bunch,Female,Belgium
77,Lilia MacFarlane,Female,Netherlands
78,Dallas Deeny,Male,Netherlands
79,Trefor Standbrook,Male,Germany
80,Murielle Rolfs,Female,Morocco
81,Hakeem Sibary,Male,Netherlands
82,Harmonie Domenc,Female,United Kingdom
83,Terrill Springall,Male,Netherlands
84,Mahalia Subhan,Female,Morocco
85,Kennan Summers,Male,Luxembourg
86,Bridie Petrillo,Female,Netherlands
87,Ewan Gemlbett,Male,Luxembourg
88,Junette Bick,Female,Netherlands
89,Terrie Muehle,Female,Morocco
90,Marget Ingreda,Female,Netherlands
91,Terese Grichukhin,Female,United Kingdom
92,Clarke Leeves,Male,Luxembourg
93,Flynn Headingham,Male,Luxembourg
94,Marylou Shill,Female,United Kingdom
95,Grady Walenta,Male,Germany
96,Waring Boshere,Male,Germany
97,Tierney Dorking,Female,United Kingdom
98,Ase Coweuppe,Male,Morocco
99,Tammie Ayars,Male,United Kingdom
100,Adore Poulsom,Female,Germany
101,Philippine Mansell,Female,Luxembourg
102,Dare Dench,Male,Morocco
103,Levon Speke,Male,Netherlands
104,Mathe Summerskill,Male,Luxembourg
105,Phyllida Omrod,Female,Netherlands
106,Suellen Bragger,Female,Morocco
107,Ondrea Foresight,Female,Netherlands
108,Tull Teager,Male,Morocco
109,Jolyn MacQueen,Female,Morocco
110,Clovis Van Arsdale,Female,Netherlands
111,Tris Heims,Male,Netherlands
112,Ambrosius Ghidetti,Male,Luxembourg
113,Kelsi Filippo,Female,Belgium
114,Orton Thorogood,Male,Luxembourg
115,Jonas Witch,Male,Germany
116,Olag Tidbold,Male,Germany
117,Marchall Grisley,Male,Morocco
118,Allister Sevin,Male,United Kingdom
119,Benjamin Ditt,Male,Netherlands
120,Fairleigh Ipwell,Male,Netherlands
121,Marilyn Long,Female,Germany
122,Brenden Joselevitch,Male,Germany
123,Micheil Fish,Male,Morocco
124,Artemus Rowe,Male,Luxembourg
125,Eziechiele Antonutti,Male,Germany
126,Edna Hammarberg,Female,Germany
127,Latisha Nacci,Female,Morocco
128,Darda Pobjay,Female,Germany
129,Colas Thrower,Male,United Kingdom
130,Burnard Bail,Male,Netherlands
131,Elbertina Hubball,Female,United Kingdom
132,Georgia Fandrich,Female,Netherlands
133,Winne Scad,Female,Netherlands
134,Allissa Jahnke,Female,United Kingdom
135,Basil Kinsett,Male,Netherlands
136,Magnum Tembridge,Male,United Kingdom
137,Ethelind Ruvel,Female,Germany
138,Gwen Tresvina,Female,Morocco
139,Nicole Setchell,Female,United Kingdom
140,Morly Garrique,Male,Luxembourg
141,Philip McGibbon,Male,Germany
142,Bil Collie,Male,United Kingdom
143,Nolana Collingworth,Female,Morocco
144,Gussy Lesley,Female,Netherlands
145,Almeda Cockayme,Female,Belgium
146,Turner Giorgi,Male,Netherlands
147,Dukey Creasey,Male,Netherlands
148,Jase Mancktelow,Male,Morocco
149,Cassey Lovell,Female,United Kingdom
150,Fredek De Bischop,Male,Germany
151,Thea Joska,Female,Morocco
152,Timmy Mehaffey,Male,Germany
153,Maynard Wheildon,Male,Luxembourg
154,Huey Denzilow,Male,Morocco
155,Drucy Yanne,Female,Germany
156,Tracey Hattrick,Female,United Kingdom
157,Putnam Romaynes,Male,Luxembourg
158,Cindi Rikkard,Female,Morocco
159,Anastasie Dutch,Female,Germany
160,Lavinie Monkeman,Female,Netherlands
161,Dennison Redwin,Male,United Kingdom
162,Garrard Lascelles,Male,Morocco
163,Tito Derell,Male,Luxembourg
164,Tuesday Cheves,Female,Netherlands
165,Pris Maginot,Female,Morocco
166,Cinda Conlaund,Female,Netherlands
167,Eduard Dibner,Male,Luxembourg
168,Rooney Doughill,Male,Germany
169,Augustin Filochov,Male,Luxembourg
170,Dynah Hearle,Female,Germany
171,Shea Borell,Male,Germany
172,Dare Epgrave,Male,Netherlands
173,Chery Waplinton,Female,Morocco
174,Humfried Tattersall,Male,Morocco
175,Sonny Filasov,Male,Germany
176,Cassi Bramont,Female,Morocco
177,Clair Spadollini,Male,Luxembourg
178,Melina Caiger,Female,Netherlands
179,Denys Lidgey,Male,Morocco
180,Melicent Pietraszek,Female,Morocco
181,Jaime Hamlet,Male,Germany
182,Bartholomeo Cull,Male,Luxembourg
183,Rora Stallworthy,Female,Netherlands
184,Marney Quenell,Female,Morocco
185,Stefano Cayser,Male,Netherlands
186,Gibbie North,Male,Morocco
187,Richardo Paulson,Male,Luxembourg
188,Maddie Tuckwood,Female,Morocco
189,Mariejeanne Lafflina,Female,Morocco
190,Gannon Higgonet,Male,Luxembourg
191,Cristiano Ciccottini,Male,Netherlands
192,Sanford Enrietto,Male,Germany
193,Thatch Thornebarrow,Male,Morocco
194,Bryan Ivatts,Male,Netherlands
195,Daisy Fairchild,Female,Netherlands
196,Tilly Baty,Female,Luxembourg
197,Geri Cayton,Female,Netherlands
198,Georas Calltone,Male,Netherlands
199,Paulette Polden,Female,Morocco
200,Anthia Jochanany,Female,Morocco
201,Kalina Ravenhill,Female,Germany
202,Keri MacCauley,Female,United Kingdom
203,Annmarie McKeating,Female,Morocco
204,Cletus McTurley,Male,Germany
205,Siegfried Mertel,Male,Germany
206,Emilia Paddick,Female,Morocco
207,Pinchas Janos,Male,Morocco
208,Marcile Crowther,Female,Netherlands
209,Kimberlee Segebrecht,Female,Netherlands
210,Curr Addie,Male,Germany
211,Coleen Hesey,Female,Morocco
212,Bart Izat,Male,Netherlands
213,Maryellen MacHarg,Female,Morocco
214,Ilaire Cranna,Male,Germany
215,Alleyn Kuhlmey,Male,Morocco
216,Gunilla Tuft,Female,Netherlands
217,Danni Sides,Female,Morocco
218,Durante Snooks,Male,Turkey
219,Chase Fanthome,Male,Germany
220,Berty McWhan,Female,Germany
221,Shawna Ricciardiello,Female,Netherlands
222,Emmeline Kesey,Female,Morocco
223,Renate Landa,Female,Netherlands
224,Grange Clothier,Male,United Kingdom
225,Benoite Jerrand,Female,Germany
226,Bayard Fiddler,Male,Germany
227,Eustace Balazs,Male,Netherlands
228,Robinia Crutcher,Female,Netherlands
229,Catrina Ayshford,Female,Netherlands
230,Vikky Newby,Female,Morocco
231,Selestina Leitche,Female,Luxembourg
232,Alaine Mangin,Female,United Kingdom
233,Barr Josephs,Male,Luxembourg
234,Ross Streets,Male,Netherlands
235,Candida Joutapavicius,Female,Morocco
236,Hildagard Jolliffe,Female,Netherlands
237,Teador Gleaves,Male,Germany
238,Ewell Wakley,Male,Belgium
239,Lamont Bettridge,Male,Netherlands
240,Audrye Eveling,Female,Luxembourg
241,Bernita Zucker,Female,United Kingdom
242,Wright Aldcorn,Male,Germany
243,Ulises Pennick,Male,Netherlands
244,Rodie Dooley,Female,Netherlands
245,Kania Mulberry,Female,Germany
246,Marje Grinvalds,Female,Netherlands
247,Tab Adame,Male,Netherlands
248,Maxine Akast,Female,Germany
249,Boonie Gantzer,Male,Germany
250,Rosy Poulglais,Female,Luxembourg
251,Jackelyn Geraldez,Female,Germany
252,Hendrick Jiroutek,Male,Morocco
253,Carlina Shirtliff,Female,Germany
254,Ardisj Leeson,Female,Morocco
255,Amalee Zealey,Female,United Kingdom
256,Marysa Heinle,Female,Netherlands
257,Nahum Bulcroft,Male,United Kingdom
258,Jacquelynn Grundle,Female,Turkey
259,Laurie Kilvington,Male,Morocco
260,Roi Grotty,Male,United Kingdom
261,Chevalier Biddulph,Male,Luxembourg
262,Johnny Sangar,Male,Morocco
263,Marcello Sharrard,Male,Morocco
264,Winston Fuzzard,Male,Morocco
265,Euell Rispin,Male,Morocco
266,Ingmar Skerme,Male,Germany
267,Brennan Ibanez,Male,United Kingdom
268,Vicky Hellcat,Female,United Kingdom
269,Wallis Duckham,Male,Morocco
270,Caleb Tesimon,Male,Morocco
271,Steffi Eschalette,Female,Netherlands
272,Berti Skaife,Female,Morocco
273,Cyrill Else,Male,Germany
274,Arty Kondratovich,Male,Luxembourg
275,Skippie Scotchmer,Male,Morocco
276,Kile Dowdle,Male,Germany
277,Jaime Curnock,Male,Germany
278,Sigvard Boundey,Male,Netherlands
279,Efren Pretswell,Male,Netherlands
280,Ricky Lowes,Male,Luxembourg
281,Anastasia Garnett,Female,Morocco
282,Devon McRitchie,Female,Luxembourg
283,Lurleen McQuarter,Female,Germany
284,Karla Scarlon,Female,Morocco
285,Christabel Bather,Female,Morocco
286,Rosmunda Oehme,Female,Germany
287,Bonnie O'Cuddie,Female,Netherlands
288,Bari Gettins,Female,Germany
289,Phil Guinnane,Male,Belgium
290,Simone Idale,Female,Turkey
291,Maxie Thunnerclef,Male,Netherlands
292,Jordan Ebdin,Female,Germany
293,Godwin Grishmanov,Male,Morocco
294,Felic Mycroft,Male,Morocco
295,Creigh Leaman,Male,Morocco
296,Kerry Sharkey,Male,Turkey
297,Adan Glading,Female,Luxembourg
298,Templeton Sambedge,Male,Netherlands
299,Zacharie Mumbray,Male,Netherlands
300,Ariel Muldrew,Male,Netherlands
301,Roobbie Pavelin,Female,Luxembourg
302,Junette Hawgood,Female,United Kingdom
303,Steward Shortall,Male,Morocco
304,Darnell Jayme,Male,Germany
305,Rycca Jersch,Female,Germany
306,Freeland Champneys,Male,Germany
307,Zonnya Samet,Female,Luxembourg
308,Nettie Batterbee,Female,Morocco
309,Gerik Bromilow,Male,Morocco
310,Nananne O'dell,Female,Belgium
311,Dona Jirick,Female,Netherlands
312,Louella Quinell,Female,Morocco
313,Ginevra Conquer,Female,Germany
314,Benedicto Wrought,Male,United Kingdom
315,Leelah Houseman,Female,Germany
316,Ruddie Royse,Male,Morocco
317,Jerrylee Kepp,Female,Luxembourg
318,Bogart Walklott,Male,Morocco
319,Nolly Pinyon,Male,United Kingdom
320,Edy Scoone,Female,Netherlands
321,Godart Buffey,Male,Netherlands
322,Ward Whistan,Male,Netherlands
323,Anne-corinne Novill,Female,Germany
324,Jacky Kryszkiecicz,Male,Germany
325,Ramon Muggleston,Male,Netherlands
326,Ferdy O'Breen,Male,Netherlands
327,Annmaria Rousby,Female,Morocco
328,Lesli Emes,Female,Luxembourg
329,Nate Ranyard,Male,Luxembourg
330,Margalo Crummie,Female,Luxembourg
331,Nydia Giamo,Female,Germany
332,Britte McAndie,Female,Netherlands
333,Kissie Merali,Female,Netherlands
334,Maxie Dorkin,Male,Netherlands
335,Christos Leynagh,Male,Netherlands
336,Amabel Punshon,Female,United Kingdom
337,Torrey Ecob,Male,Germany
338,Ives O'Downe,Male,Netherlands
339,Allard Puig,Male,Morocco
340,Rowland Blazewski,Male,Netherlands
341,Lizzy Dybald,Female,Turkey
342,Franzen Growcock,Male,United Kingdom
343,Roxi Imlacke,Female,Germany
344,Geoffrey Montez,Male,Morocco
345,Archibald Stenyng,Male,Germany
346,Demetre Bliss,Male,Morocco
347,Miquela Dulton,Female,Netherlands
348,Gisela Obey,Female,Luxembourg
349,Stanley Abrashkov,Male,Germany
350,Edith Trewett,Female,Netherlands
351,Fabe Guildford,Male,Netherlands
352,Willdon Dunbobin,Male,Netherlands
353,Petronilla Gouch,Female,Belgium
354,Nannette Buchan,Female,Belgium
355,Sigrid Mewhirter,Female,United Kingdom
356,Bastian Lyall,Male,Germany
357,Antonin Pach,Male,Luxembourg
358,Grant Synan,Male,Belgium
359,Torey Dow,Female,Netherlands
360,Luciano Sibbs,Male,Morocco
361,Pierson Coppens,Male,Netherlands
362,Ignaz Drawmer,Male,Germany
363,Iona Bowers,Female,Morocco
364,Lou Grelik,Male,Morocco
365,Danita Eede,Female,Netherlands
366,Clemmie Skoughman,Female,Germany
367,Leicester Goody,Male,Luxembourg
368,Dodi Butterworth,Female,Luxembourg
369,Nicolas Forde,Male,Morocco
370,Carl Rowaszkiewicz,Male,Netherlands
371,Cookie Hurdedge,Female,Turkey
372,Marget Chomicki,Female,Netherlands
373,Sheree Lempertz,Female,Morocco
374,Lisetta Liggett,Female,Netherlands
375,Fancie Panswick,Female,Morocco
376,Skell Presley,Male,Morocco
377,Arnaldo Jakeman,Male,United Kingdom
378,Hammad Galpin,Male,Luxembourg
379,Maxy Lamy,Female,Belgium
380,Saraann Divina,Female,Netherlands
381,Arlyne Domino,Female,Netherlands
382,Pavlov Westbrook,Male,Netherlands
383,Gaston Clawley,Male,Morocco
384,Olivier Molines,Male,Netherlands
385,Culley Bebbell,Male,Germany
386,Vernen Le Gassick,Male,United Kingdom
387,Mendel Tweed,Male,Morocco
388,Orran Duffield,Male,United Kingdom
389,Cletus Saterthwait,Male,Netherlands
390,Melvyn Collis,Male,Germany
391,Cora Bankes,Female,Luxembourg
392,Tamara Indgs,Female,Luxembourg
393,Pepillo Durward,Male,Belgium
394,Cheston Rouch,Male,Netherlands
395,Chery Klaaasen,Female,Luxembourg
396,Gard Bovey,Male,United Kingdom
397,Anabal MacArte,Female,United Kingdom
398,Maxie Ebbin,Female,Netherlands
399,Lacie Attenborrow,Female,Netherlands
400,Alfy Flahive,Male,Morocco
401,Selig Goodoune,Male,Netherlands
402,Silvio Gransden,Male,Germany
403,Rhodia Ropkes,Female,Germany
404,Fonzie Halleybone,Male,Germany
405,Josie Dimbylow,Female,Netherlands
406,Wallache Tibbetts,Male,Morocco
407,Bob Seedhouse,Male,United Kingdom
408,Corena Brute,Female,Germany
409,Burgess Anwell,Male,United Kingdom
410,Laurent Warnock,Male,Morocco
411,Celina Stoppard,Female,Germany
412,Laurie Padfield,Female,Morocco
413,Way Greenlies,Male,Netherlands
414,Maurice Gruszka,Male,Netherlands
415,Teddi Kiss,Female,Germany
416,Margaretta Divall,Female,United Kingdom
417,Daniella Whitmore,Female,Morocco
418,Florencia Darch,Female,Luxembourg
419,Blancha Millsom,Female,Netherlands
420,Emily Chilcott,Female,Netherlands
421,Lilli Farherty,Female,Morocco
422,Leia Goldstraw,Female,Luxembourg
423,Jacinda Congrave,Female,Germany
424,Alan Drable,Male,Turkey
425,Sayer Steane,Male,Germany
426,Ursa Sealey,Female,Morocco
427,Cloe Chesterman,Female,United Kingdom
428,Giorgi Annell,Male,Netherlands
429,Brittan Stentiford,Female,United Kingdom
430,Barr Geram,Male,Netherlands
431,Shannon Curry,Female,Luxembourg
432,Aguste Grigorio,Male,Morocco
433,Keri Nicholes,Female,Morocco
434,Upton Wren,Male,United Kingdom
435,Annadiane Chessman,Female,Germany
436,Torre Sunock,Male,Germany
437,Kris Machent,Male,Germany
438,Caria Smithin,Female,Germany
439,Ernest Baleine,Male,Luxembourg
440,Lev Biswell,Male,Morocco
441,Brantley Torr,Male,Netherlands
442,Junia Rowland,Female,United Kingdom
443,Mason Ryan,Male,Luxembourg
444,Carlynn Eberdt,Female,Netherlands
445,Ervin McGurgan,Male,United Kingdom
446,Asher Stallworth,Male,Morocco
447,Monty Reeveley,Male,Germany
448,Jaimie Nolleth,Male,United Kingdom
449,Gui Abrahamsohn,Female,Luxembourg
450,Sarena Dahlen,Female,Morocco
451,Reginauld California,Male,Germany
452,Algernon Iliff,Male,Morocco
453,Hartley Brewins,Male,Morocco
454,Glenn Fenemore,Female,Luxembourg
455,Dugald Ryle,Male,Germany
456,Sheffield O'Nion,Male,Germany
457,Shelbi Blomfield,Female,Germany
458,Roma Rabbet,Male,Luxembourg
459,Elsey Eaklee,Female,Morocco
460,West Gillum,Male,Netherlands
461,Martica Heminsley,Female,Germany
462,Killian Jayne,Male,United Kingdom
463,Gretta Gomm,Female,Morocco
464,Padraic Lohde,Male,United Kingdom
465,Bambie Simmon,Female,Luxembourg
466,Franklin Ingleson,Male,Morocco
467,Rene Rizzini,Female,Belgium
468,Lissie Kasbye,Female,Belgium
469,Claire Boyn,Male,Morocco
470,Gaelan Yakubovics,Male,Belgium
471,Corrie Hallows,Male,Netherlands
472,Faythe Kinzett,Female,Morocco
473,Jereme Jelly,Male,Turkey
474,Mamie Damant,Female,Morocco
475,Briana Henriques,Female,Germany
476,Laurice Skpsey,Female,Germany
477,Noella Dibbs,Female,Morocco
478,Erroll Larvor,Male,Luxembourg
479,Sybyl Capeling,Female,Netherlands
480,Quent Camin,Male,Netherlands
481,Rudolf Yearnsley,Male,United Kingdom
482,Noemi Auchterlony,Female,Netherlands
483,Erika Humberston,Female,Morocco
484,Gilberta Jorden,Female,Belgium
485,Aurore Rockwell,Female,United Kingdom
486,Mehetabel Gooch,Female,Netherlands
487,Lilah Wannes,Female,Morocco
488,Lorrie Tideswell,Male,Morocco
489,Kort Hyatt,Male,Netherlands
490,Hervey Berge,Male,Morocco
491,Manya Rosewarne,Female,United Kingdom
492,Derril Boles,Male,Netherlands
493,Gertie Kezar,Female,United Kingdom
494,Prentice Jagson,Male,Netherlands
495,Emyle Gilding,Female,Netherlands
496,Ely Airy,Male,Morocco
497,Tatiania Clapham,Female,Netherlands
498,Liesa Shelbourne,Female,Germany
499,Jud Marriott,Male,Morocco
500,Bing Amberger,Male,Luxembourg
501,Adrienne Mattityahou,Female,Luxembourg
502,Gustavo Czajkowski,Male,Germany
503,Daryn Weatherhogg,Female,Germany
504,Zonnya Wessell,Female,Luxembourg
505,Abbot Ketley,Male,Netherlands
506,Emelen Edards,Male,Netherlands
507,Torrey Teffrey,Male,United Kingdom
508,Francine Seydlitz,Female,Netherlands
509,Kyle Walling,Male,Germany
510,Andonis McGarel,Male,Netherlands
511,Bald Prigmore,Male,Netherlands
512,Hilario Redparth,Male,Morocco
513,Martguerita Dziwisz,Female,Germany
514,Riccardo Edmed,Male,Netherlands
515,Noell Leile,Female,United Kingdom
516,Koo Astall,Female,Morocco
517,Britta Iwanowicz,Female,Morocco
518,Cindy Vanyashkin,Female,Morocco
519,Westbrook O'Regan,Male,Netherlands
520,Selia Stapleford,Female,United Kingdom
521,Gertrude Zettler,Female,Netherlands
522,Constantine O'Hannigan,Male,United Kingdom
523,Tad Cheak,Male,Luxembourg
524,Candy Gonsalvez,Female,Luxembourg
525,Lek Barkess,Male,Netherlands
526,Mack Broggio,Male,Morocco
527,Markos Tunn,Male,Morocco
528,Myrtice Licciardo,Female,United Kingdom
529,Rufe Willman,Male,Morocco
530,Gale Durrance,Female,Morocco
531,Bartolemo Wiley,Male,Morocco
532,Agretha Josskovitz,Female,Germany
533,Ilysa Bear,Female,Netherlands
534,Aundrea Stalf,Female,Netherlands
535,Cart Schumacher,Male,Netherlands
536,Murry Canland,Male,Morocco
537,Jolynn Proctor,Female,Germany
538,Aloysius Postance,Male,United Kingdom
539,Gerald Fussey,Male,Germany
540,Michale Sears,Male,Morocco
541,Avrit Lathom,Female,Morocco
542,Averil Roloff,Female,Germany
543,Kip Amor,Male,Netherlands
544,Kasey Snowling,Female,Germany
545,Joellyn Rohlfing,Female,Netherlands
546,Georgi Skace,Male,Morocco
547,Davidde Whistlecroft,Male,United Kingdom
548,Gal Crowe,Male,Germany
549,Brew McElhargy,Male,Germany
550,Ethelind Goodger,Female,Netherlands
551,Tootsie Sand,Female,United Kingdom
552,Abrahan Le Grice,Male,Netherlands
553,Rriocard Battelle,Male,Luxembourg
554,Johnnie Molder,Male,Netherlands
555,Arv Griffitt,Male,Netherlands
556,Aldwin Browell,Male,Germany
557,Conney Skottle,Male,Netherlands
558,Iorgos Plose,Male,United Kingdom
559,Jarred Coggell,Male,Netherlands
560,Douglass Danilishin,Male,Netherlands
561,Sascha Mabon,Male,United Kingdom
562,Barby Ojeda,Female,Germany
563,Evelyn Taborre,Male,Germany
564,Sandie Gunnell,Female,Luxembourg
565,April Arundel,Female,Netherlands
566,Tracie Allmond,Female,United Kingdom
567,Perry Ravenscroft,Male,United Kingdom
568,Vitia Battrick,Female,Morocco
569,Merrily Giannoni,Female,Germany
570,Byron Kemmey,Male,Netherlands
571,Winthrop Woliter,Male,Germany
572,Marsh Ganniclifft,Male,United Kingdom
573,Sherlocke Moncur,Male,Morocco
574,Corissa Rivenzon,Female,Morocco
575,Timothee Mawditt,Male,Netherlands
576,Thedric Hindshaw,Male,Netherlands
577,Leonelle Beiderbeck,Female,United Kingdom
578,Crin Borthram,Female,Germany
579,Chalmers Nanuccioi,Male,Netherlands
580,Althea Wickardt,Female,Germany
581,Bendick Lutsch,Male,Morocco
582,Gwendolin Bilton,Female,Morocco
583,Sashenka Binham,Female,Netherlands
584,Michelle Itter,Female,Netherlands
585,Rachele Bramstom,Female,Germany
586,Helen Ambroix,Female,Netherlands
587,Bradly Roseman,Male,Germany
588,Elysee Lanney,Female,Netherlands
589,Hazel Condell,Male,Germany
590,Hobey Ragles,Male,Germany
591,Isabelita Dodamead,Female,Luxembourg
592,Karilynn Buckthorpe,Female,Germany
593,Nickie Merrell,Male,Morocco
594,Clair Longland,Female,Netherlands
595,Benny Bale,Female,Morocco
596,Shell Dewberry,Female,Netherlands
597,Giorgio Corck,Male,Morocco
598,Kassey Ferrick,Female,United Kingdom
599,Dilly Bandiera,Male,Netherlands
600,Carmel Leftly,Female,Netherlands
601,Ernesto Ralls,Male,Netherlands
602,Abbey Camilli,Male,Germany
603,Ingelbert Windaybank,Male,Morocco
604,Jard Woolcocks,Male,Netherlands
605,Maribelle Delatour,Female,United Kingdom
606,Emlyn Middlewick,Female,Germany
607,Thorpe Arrighini,Male,Netherlands
608,Nathan Hirthe,Male,United Kingdom
609,Korella Riediger,Female,Morocco
610,Misha Knibley,Female,United Kingdom
611,Tawsha Rubinsky,Female,Belgium
612,Tyrus Scopyn,Male,Netherlands
613,Skelly Dobbins,Male,Netherlands
614,Gilles Bedenham,Male,Morocco
615,Gale Browne,Female,Morocco
616,Maxwell Hillum,Male,Morocco
617,Netti Quincey,Female,Germany
618,Loni Grastye,Female,Netherlands
619,Leonid Trewinnard,Male,Luxembourg
620,Othella Ashpital,Female,Luxembourg
621,Mordy Brose,Male,Luxembourg
622,Yance McGeaney,Male,Netherlands
623,Joseito O'Gaven,Male,Netherlands
624,Kettie Goldwater,Female,Morocco
625,Cointon Byllam,Male,Netherlands
626,Lorrie Babington,Male,Germany
627,Cheri Lawlance,Female,Morocco
628,Opal Goldingay,Female,Germany
629,Verine Iacovini,Female,Morocco
630,Raleigh Ingledew,Male,Germany
631,Nickie Clist,Male,Morocco
632,Francois Sandercock,Male,Morocco
633,Bear Mathiassen,Male,Morocco
634,Brendin Pietruschka,Male,Germany
635,Aristotle Shute,Male,Morocco
636,Loraine Nisot,Female,Netherlands
637,Cyb O'Doohaine,Female,Luxembourg
638,Alexis Dorgan,Male,Morocco
639,Kaleb Mor,Male,Netherlands
640,Brocky Breedy,Male,Netherlands
641,Nat Gooday,Male,Morocco
642,Dyan Caldero,Female,Turkey
643,Ardra McGinney,Female,Germany
644,Juliette Potkins,Female,Germany
645,Frasco Nesbitt,Male,Luxembourg
646,Wadsworth Lamming,Male,Germany
647,Renard McMakin,Male,Germany
648,Jamie Orsman,Male,Morocco
649,April Crimmins,Female,Netherlands
650,Eustace Butler-Bowdon,Male,Morocco
651,Abbi Klageman,Female,Germany
652,Terri McMains,Male,Netherlands
653,Bibby Lukes,Female,Germany
654,Gerrie Allner,Male,United Kingdom
655,Vera Pecht,Female,Luxembourg
656,Burnaby Ammer,Male,United Kingdom
657,Amby Chalker,Male,Netherlands
658,Eleonora Domm,Female,Morocco
659,Lotti Marjoram,Female,Netherlands
660,Chrissie Loram,Male,Luxembourg
661,Danyelle MacCoughan,Female,Germany
662,Brand Viegas,Male,Germany
663,Quintina Goodie,Female,Morocco
664,Tristan Dicte,Male,Morocco
665,Simmonds Hellwig,Male,Germany
666,Jerrome Dei,Male,Netherlands
667,Scarface Attenborough,Male,Netherlands
668,Sol Rummings,Male,Germany
669,Pascale Bradnick,Male,Netherlands
670,Wright Prangley,Male,Morocco
671,Babbie Lemin,Female,Belgium
672,Ashbey Petri,Male,Luxembourg
673,Cooper Treece,Male,Morocco
674,Shalna Jerrans,Female,Netherlands
675,Kort Stirland,Male,Germany
676,Robbyn Danit,Female,Morocco
677,Arie Philler,Male,Germany
678,Gordon Glasscoo,Male,Netherlands
679,Berkly Rimmington,Male,United Kingdom
680,Orion Geck,Male,Germany
681,Abner Jamme,Male,Germany
682,Tessie Frizzell,Female,Germany
683,Caressa Carhart,Female,Morocco
684,Standford Bertomier,Male,United Kingdom
685,Eldon Pitbladdo,Male,Germany
686,Gery Baudi,Male,Germany
687,Julina Drinkeld,Female,Morocco
688,Enrichetta Karadzas,Female,Morocco
689,Bevvy Tompkin,Female,Germany
690,Mickie Gallifont,Male,Morocco
691,Ara Blazek,Male,Morocco
692,Joannes Arnli,Female,Morocco
693,Pepe Cardoso,Male,Luxembourg
694,Johna Wass,Female,Netherlands
695,Buck Emnoney,Male,Morocco
696,Efren Gumey,Male,Morocco
697,Reilly Boole,Male,United Kingdom
698,Matty Glenton,Male,Luxembourg
699,Duane Brownell,Male,Netherlands
700,Gavin Swatten,Male,Netherlands
701,Stacia Pinxton,Female,Morocco
702,Ad Spitaro,Male,Luxembourg
703,Blake Obey,Male,Germany
704,Jacki Doutch,Female,Morocco
705,Martha Greenleaf,Female,Netherlands
706,Benni Sparling,Female,Netherlands
707,Jolynn Penvarne,Female,United Kingdom
708,Delainey Stannard,Male,Netherlands
709,Bink Hollibone,Male,Morocco
710,Kata Custed,Female,Luxembourg
711,Paten Poutress,Male,Morocco
712,Micheline Stilly,Female,Germany
713,Sayre Gorling,Female,Germany
714,Cortney Ffoulkes,Female,Belgium
715,Carlye Ricciardi,Female,Netherlands
716,Bank Ventris,Male,Germany
717,Margaretha Swede,Female,Netherlands
718,Jessica Frane,Female,Morocco
719,Elbertine Braganca,Female,Luxembourg
720,Maxie Abbitt,Male,Netherlands
721,Gilbertina Mehmet,Female,Netherlands
722,Vittorio Bockett,Male,Germany
723,Junette Halward,Female,Netherlands
724,Auberon Frowde,Male,Morocco
725,Leola Zorro,Female,Morocco
726,Annabel Cicetti,Female,United Kingdom
727,Theda Tawse,Female,Morocco
728,Danella Faustin,Female,Morocco
729,Darice Vivian,Female,Luxembourg
730,Helli Giraudou,Female,Germany
731,Darcy Getsham,Male,United Kingdom
732,Ashli Fawlkes,Female,Morocco
733,Kathryn Flannery,Female,Germany
734,Drusilla Minchinton,Female,United Kingdom
735,Leo Ast,Male,Luxembourg
736,Franklin Houten,Male,Morocco
737,Kearney Friary,Male,Germany
738,Tine Lockner,Female,Netherlands
739,Marieann Duckit,Female,Morocco
740,Moe Roper,Male,Luxembourg
741,Juana Jeffcoat,Female,Morocco
742,Hyacinthia Gummie,Female,Morocco
743,Mitchael Hegel,Male,Luxembourg
744,Fonsie Ceschi,Male,Netherlands
745,Bobbye Beamiss,Female,Germany
746,Felicio Corradini,Male,United Kingdom
747,Wallas Earley,Male,Netherlands
748,Ilka Berrington,Female,Netherlands
749,Vachel Monk,Male,Luxembourg
750,Alleen Murkin,Female,United Kingdom
751,Sadella Laxen,Female,Netherlands
752,Fraze Cruces,Male,Morocco
753,Normand Norley,Male,Netherlands
754,Phillipp Tureville,Male,Morocco
755,Loria Ishchenko,Female,Morocco
756,Vania Durrant,Female,United Kingdom
757,Lucky Mackerness,Female,Morocco
758,Emmalyn Lidgate,Female,Netherlands
759,Boyd Eatherton,Male,Germany
760,Tilly Danilenko,Female,Netherlands
761,Wilona Merrigans,Female,Netherlands
762,Collin Mintoff,Male,Morocco
763,Baily Myton,Male,Luxembourg
764,Orville Kiely,Male,Netherlands
765,Maribel Orrocks,Female,United Kingdom
766,Viva Farrent,Female,Netherlands
767,Lavina Babbidge,Female,Germany
768,Esmaria Rowlstone,Female,United Kingdom
769,Stesha Yashaev,Female,Morocco
770,Adams Gavrielly,Male,Morocco
771,Emanuele Townsley,Male,Luxembourg
772,Frieda Bister,Female,United Kingdom
773,Bo Dunridge,Male,Germany
774,Rowland Daymond,Male,Netherlands
775,Malory Siddens,Female,United Kingdom
776,Duff McAllester,Male,United Kingdom
777,Tomlin Edgley,Male,Germany
778,Son Leser,Male,Morocco
779,Page Wehden,Female,Netherlands
780,Eadith Bourbon,Female,Netherlands
781,Christabel Gusney,Female,Germany
782,Brody Godsafe,Male,Netherlands
783,Brandea Tappor,Female,Morocco
784,Sawyer Lacelett,Male,Morocco
785,Ches Hurlston,Male,Morocco
786,Ibby Rosedale,Female,Germany
787,Thacher Worboys,Male,Germany
788,Sofie O'Shiels,Female,Netherlands
789,Kerwin Averies,Male,Morocco
790,Jo ann Clarage,Female,Morocco
791,Ashli De Castri,Female,United Kingdom
792,Kellia Huchot,Female,United Kingdom
793,Libbi Leile,Female,Germany
794,Benoit Levy,Male,Netherlands
795,Roma Ballard,Male,United Kingdom
796,Augusto Gooderidge,Male,Morocco
797,Terrance Portugal,Male,Morocco
798,Osmond Sharple,Male,Netherlands
799,Peg Rocks,Female,Netherlands
800,Valentino Laffin,Male,Netherlands
801,Evie Sherrum,Female,Morocco
802,Matt Acreman,Male,Morocco
803,Barbie Gethings,Female,United Kingdom
804,Rianon Thow,Female,Netherlands
805,Morey Danko,Male,Luxembourg
806,Leshia Aupol,Female,Turkey
807,Sanders Cumber,Male,Netherlands
808,Antonin Geoghegan,Male,United Kingdom
809,Pierson FitzGilbert,Male,Netherlands
810,Jamaal Cumesky,Male,Morocco
811,Jean Bootherstone,Male,Germany
812,Zorana Haggith,Female,United Kingdom
813,Kristine Avramovich,Female,United Kingdom
814,Eartha McGinlay,Female,Germany
815,Win Amorts,Male,Morocco
816,Marika Yielding,Female,Netherlands
817,Orelie Bentote,Female,Luxembourg
818,Leonid Hayes,Male,Luxembourg
819,Wesley Plane,Male,Germany
820,Park Webley,Male,Netherlands
821,Clotilda Clineck,Female,Netherlands
822,James Flade,Male,United Kingdom
823,Latashia Baudi,Female,Luxembourg
824,Donnell Cords,Male,Netherlands
825,Gisela Monroe,Female,Netherlands
826,Arly Lebarree,Female,Netherlands
827,Stillmann Meedendorpe,Male,Morocco
828,Kipper Elham,Male,Morocco
829,Kory Learoid,Male,United Kingdom
830,Lavinie Ebunoluwa,Female,Netherlands
831,Nonie Clavey,Female,Morocco
832,Giff Easen,Male,Germany
833,Shandie Cruce,Female,Germany
834,Jacenta McCawley,Female,Morocco
835,Crin Peppett,Female,United Kingdom
836,Brock Cleife,Male,United Kingdom
837,Justin Growden,Male,United Kingdom
838,Talbert Rizzardini,Male,Germany
839,Risa Kester,Female,United Kingdom
840,Britteny Kerridge,Female,Germany
841,Vin Tibols,Female,Germany
842,Giustina Chivers,Female,Luxembourg
843,Curtice Ingall,Male,Belgium
844,Bradford Kybbye,Male,Germany
845,Berty Rainbow,Male,Germany
846,Salomo Kenyam,Male,Turkey
847,Ray Byers,Female,Belgium
848,Brittani Canham,Female,Morocco
849,Daron Djekic,Male,United Kingdom
850,Correna Sandal,Female,Netherlands
851,Augusto Reade,Male,Luxembourg
852,Aura Laidel,Female,Luxembourg
853,Ashleigh Kullmann,Female,Germany
854,Teena de Courcy,Female,Morocco
855,Dar Nanson,Male,Germany
856,Trev Leonard,Male,Netherlands
857,Brice Forde,Male,Morocco
858,Wandis Kleuer,Female,United Kingdom
859,Niccolo Scanterbury,Male,Morocco
860,Aubrette France,Female,Germany
861,Burton Starmer,Male,Germany
862,Dorothea Scholefield,Female,Morocco
863,Jeramie Craigheid,Male,Morocco
864,Wiley Austing,Male,Netherlands
865,Yanaton Donaghy,Male,Germany
866,Malvina Sneller,Female,Germany
867,Trefor Fleischer,Male,United Kingdom
868,Horton Rawls,Male,Netherlands
869,Aguistin Ternott,Male,Netherlands
870,Erick Pargetter,Male,Netherlands
871,Melissa Morales,Female,Morocco
872,Julianne Pacher,Female,Germany
873,Rayna Bradshaw,Female,Netherlands
874,Hamil Castello,Male,Germany
875,Verile Worsfold,Female,Germany
876,Harmon Rosendall,Male,Netherlands
877,Alexis Beeke,Male,Germany
878,Thurstan Woodfine,Male,Germany
879,Chelsey Parradine,Female,Turkey
880,Armand Saurat,Male,United Kingdom
881,Durante Letcher,Male,Germany
882,Lynsey Kollach,Female,United Kingdom
883,Melva Winscom,Female,Netherlands
884,Holly-anne Ren,Female,Morocco
885,Loraine Russan,Female,Netherlands
886,Forest Keeney,Male,Germany
887,Brok Hagergham,Male,Morocco
888,Mickie Blankman,Male,Luxembourg
889,Mallory Hambric,Female,Morocco
890,Kaylyn Offell,Female,Morocco
891,Barnie Ivy,Male,Morocco
892,Herbert Hedderly,Male,Luxembourg
893,Alyse Pykett,Female,Netherlands
894,Archaimbaud Shapero,Male,United Kingdom
895,Bondie MacCart,Male,Germany
896,Abagael Fenna,Female,Morocco
897,Raymond Broinlich,Male,Netherlands
898,Lara Posner,Female,Morocco
899,Giulio Stairmond,Male,Germany
900,Gallagher Dunkerton,Male,Netherlands
901,Gwyneth Robrose,Female,Netherlands
902,Sibella Ensor,Female,Netherlands
903,Dionysus Pareman,Male,United Kingdom
904,Eddie Shieber,Female,United Kingdom
905,Tomas Kermode,Male,Luxembourg
906,Tootsie Hubbold,Female,Turkey
907,Gunner Gherardesci,Male,Luxembourg
908,Izaak Gateland,Male,Morocco
909,Stearne Mould,Male,Germany
910,Etti Fernan,Female,Netherlands
911,Kalvin Habishaw,Male,United Kingdom
912,Tybalt Ravens,Male,Netherlands
913,Gilberte Admans,Female,United Kingdom
914,Emmery Dallaway,Male,Morocco
915,Ignazio Kennewell,Male,Morocco
916,Trev Ovid,Male,Netherlands
917,Der Vardon,Male,Netherlands
918,Micheline Bennough,Female,Germany
919,Dotty Emsley,Female,Netherlands
920,Illa Piele,Female,Morocco
921,Renault Ameer-Beg,Male,Netherlands
922,Chloe Balazot,Female,Netherlands
923,Ediva Johananoff,Female,United Kingdom
924,Gypsy Willshaw,Female,United Kingdom
925,Madalena Rickesies,Female,Morocco
926,Dorey Kausche,Female,Netherlands
927,Odilia Kynaston,Female,Germany
928,Jania Scoggin,Female,Netherlands
929,Elana Bidewell,Female,United Kingdom
930,Ulysses Rolls,Male,Netherlands
931,Wendall Lewsie,Male,Germany
932,Steffane Baptist,Female,Morocco
933,Rockie Enoksson,Male,Netherlands
934,Gianina Craig,Female,Morocco
935,Rutter De Meyer,Male,United Kingdom
936,Galen Firth,Male,Germany
937,Ross Gartin,Male,Germany
938,Angelique Dormer,Female,United Kingdom
939,Amalle Brandom,Female,Germany
940,Ania Tatlock,Female,Germany
941,Lorianna Piddletown,Female,Germany
942,Hanan McGavigan,Male,Morocco
943,Bert Clother,Male,Luxembourg
944,Dorthy Carnow,Female,Netherlands
945,Augustine Rudge,Male,Germany
946,Fania Bushen,Female,Netherlands
947,Lisetta Woolhouse,Female,Germany
948,Teddi Mehmet,Female,United Kingdom
949,Lyssa Fahy,Female,Germany
950,Pepe Andreaccio,Male,Morocco
951,Glennie Oke,Female,Morocco
952,Madlin July,Female,Germany
953,Toiboid Tirkin,Male,Netherlands
954,Angy Giggs,Female,Netherlands
955,Osborn Agutter,Male,United Kingdom
956,Nyssa Ranking,Female,Morocco
957,Roxy Voff,Female,United Kingdom
958,Almeda Sarten,Female,Germany
959,Joseito Ingerith,Male,Luxembourg
960,Philip Ovill,Male,Netherlands
961,Cal Leap,Male,Netherlands
962,Emilie Beebis,Female,Germany
963,Zechariah Olivera,Male,Netherlands
964,Tara Kuhnt,Female,United Kingdom
965,Stanislaw Frantzeni,Male,Germany
966,Tiphani Whybray,Female,Netherlands
967,Jarvis Liptrot,Male,Morocco
968,Tom Rigolle,Male,Netherlands
969,Deerdre Yter,Female,Morocco
970,Nataniel Veracruysse,Male,Germany
971,Alley Cecil,Male,Netherlands
972,Linn Lackeye,Male,Morocco
973,Patty Corbitt,Female,Morocco
974,Chan Stitch,Male,Germany
975,Sigfrid Raymont,Male,Morocco
976,Alfi Hawick,Female,United Kingdom
977,Lenette Ordelt,Female,Netherlands
978,Euphemia Geroldi,Female,Netherlands
979,Mia Vaisey,Female,Netherlands
980,Jehanna Kilmary,Female,Germany
981,Elly Rasp,Female,Germany
982,Clotilda Hawtrey,Female,Netherlands
983,Roderick Kupec,Male,Morocco
984,Dannel Forsaith,Male,Morocco
985,Virginia Bodimeade,Female,Germany
986,Orelle Batchelor,Female,Morocco
987,Nessa Eade,Female,Germany
988,Keri Mockett,Female,Luxembourg
989,Blancha Wedgbrow,Female,Germany
990,Web Mussington,Male,Netherlands
991,Adel MacInnes,Female,Morocco
992,Maxim Linnitt,Male,Germany
993,Lula Carrington,Female,United Kingdom
994,Tymothy Akrigg,Male,Luxembourg
995,Thebault Figurski,Male,Luxembourg
996,Chelsae Domokos,Female,Netherlands
997,Elbertina Harler,Female,Netherlands
998,Marcela Cristofol,Female,Morocco
999,Tallia Fuke,Female,Morocco
1000,Welby Sheddan,Male,Germany